Workbook

Sheet 表紙
B3: 株式会社HAL名古屋 | M3: 御中 | AF3: システム名
I16: テ ー ブ ル 定 義 書
AF45: 管理番号 | AL45: 20230711NHIH22000X001
AF47: 改定日 | AL47: 45118
AF49: 改訂者 | AL49: HAL 太郎

Sheet 改訂履歴
A1: 改訂履歴
A4: 項番 | C4: 改訂日 | G4: 改訂者 | K4: 対象 | U4: 改訂内容
A5: =ROW()-4 -> 1 | K5: 全ページ | U5: 初版作成
A6: =ROW()-4 -> 2 | C6: 46222 | G6: 秋山 | K6: テーブル一覧 | U6: 各テーブル名変更 続きであった商品マスタ
A7: =ROW()-4 -> 3
A8: =ROW()-4 -> 4
A9: =ROW()-4 -> 5
A10: =ROW()-4 -> 6
A11: =ROW()-4 -> 7
A12: =ROW()-4 -> 8
A13: =ROW()-4 -> 9
A14: =ROW()-4 -> 10
A15: =ROW()-4 -> 11
A16: =ROW()-4 -> 12
A17: =ROW()-4 -> 13
A18: =ROW()-4 -> 14
... A46: =ROW()-4 -> 42

Sheet テーブル一覧
A1: テーブル定義書 | T1: システムID | X1: =表紙!AL45 -> 20230711NHIH22000X001 | AH1: 改訂日 | AL1: 46269 | AU1: No. | AW1: 1
T2: システム名称 | X2: =表紙!AL3 -> 0 | AH2: 改訂者 | AL2: 秋山瑠架
A4: テーブル一覧
A6: No. | C6: テーブル名称 | L6: テーブル名 | U6: レコード長 | Z6: 初期件数 | AE6: 増減予測 | AL6: 概要 | BA6: ※varchar(255)...日本語を用いて255文字入力するとしたら1020バイト + 2バイトのプレフィックス = 1022バイト
A7: 1 | C7: 会員マスタ | L7: m_member | U7: 3250 | AD7: 4 | AE7: 月＋10件 | AL7: 会員情報を管理する
A8: 2 | C8: サイズマスタ | L8: m_size | U8: 202 | AD8: 5 | AE8: ほとんどなし | AL8: サイズ情報を管理する
A9: 3 | C9: 系統マスタ | L9: m_system | U9: 407 | AD9: 12 | AE9: ほとんどなし | AL9: ファッションの系統情報を管理する
A10: 4 | C10: ジャンルマスタ | L10: m_Genre | U10: 202 | AD10: 5 | AE10: ほとんどなし | AL10: 商品のジャンル情報を管理する
A11: 5 | C11: 商品マスタ | L11: m_Product | U11: 2298 | AD11: 10 | AE11: 月＋20件 | AL11: 出品された商品情報を管理する
A12: 6 | C12: 画像トランザクション | L12: t_images | U12: 260 | AD12: 10 | AE12: 月＋20件 | AL12: 商品の画像情報を管理する
A13: 7 | C13: カテゴリマスタ | L13: m_Category | U13: 277 | AD13: 8 | AE13: ほとんどなし | AL13: 商品のカテゴリ情報を管理する
A14: 8 | C14: 素材マスタ | L14: m_Material | U14: 52 | AD14: 10 | AE14: ほとんどなし | AL14: 商品の素材情報を管理する
A15: 9 | C15: 注文状況マスタ | L15: m_Order status | U15: 75 | AD15: 2 | AE15: 月＋5件 | AL15: 注文状況の情報を管理する
A16: 10 | C16: 出品状況マスタ | L16: m_Listing Status | U16: 268 | AD16: 10 | AE16: 月＋5件 | AL16: 商品の出品状況情報を管理する
A17: 11 | C17: 購入履歴マスタ | L17: t_orders | U17: 53 | AD17: 1 | AE17: 月＋5件 | AL17: 会員の購入履歴情報を管理する
A18: 12 | C18: レビューマスタ | L18: m_Review | U18: 432 | AD18: 1 | AE18: 月＋5件 | AL18: 出品商品のレビュー情報を管理する
... A25: 19 | C25: カートマスタ | L25: t＿Cart | U25: 12 | AD25: 2 | AE25: 月＋5件 | AL25: 会員のカート情報を管理する
A26: 20 | C26: 管理者マスタ | L26: m_Administrator | AL26: 管理者が管理する情報
A27: 22
A28: 23
A29: 24
A30: 25 | S30: c
A31: 26
A32: 27
A33: 28
A34: 29
A35: 30
A36: 31
A37: 32
A38: 33
A39: 34
A40: 35
A41: 36
A42: 37
... A46: 41

Sheet テーブル定義 (m_Administrator) (20)
A1: テーブル定義書 | T1: システムID | X1: =表紙!AL45 -> 20230711NHIH22000X001 | AH1: 改訂日 | AL1: 46269 | AU1: No. | AW1: 3
T2: システム名称 | X2: =表紙!AL3 -> 0 | AH2: 改訂者 | AL2: 秋山瑠架
A4: テーブル定義書
A6: No. | C6: 論理名 | I6: 物理名 | R6: 型 | V6: データ長 | Z6: 属性 | AG6: 備考
V7: 桁数 | Z7: PK | AB7: NOT NULL | AD7: default
A8: 1 | C8: 管理者ID | I8: AdministratorID | R8: int() | Z8: 〇 | AB8: 〇 | AD8: 0 | AG8: 主キー 管理者IDの情報を管理
A9: 2 | C9: ユーザー数 | I9: UserQ | R9: int() | AB9: 〇 | AD9: 0 | AG9: 現在アプリの利用しているユーザー数の管理
A10: 3 | C10: 取引数 | I10: dealQ | R10: int() | AB10: 〇 | AD10: 0 | AG10: 今まで取引された総数を管理
A11: 4 | C11: 会員ID | I11: memberID | R11: int() | AB11: 〇 | AD11: 0 | AG11: 会員IDの情報を管理
A12: 5
A13: 6
A14: 7
A15: 8
A16: 9
A17: 10
A18: 11
A19: 12
A20: 13
A21: 14
A22: 15
A23: 16
... A48: 41

Sheet テーブル定義 (t＿Cart) (19)
A1: テーブル定義書 | T1: システムID | X1: =表紙!AL45 -> 20230711NHIH22000X001 | AH1: 改訂日 | AL1: 46269 | AU1: No. | AW1: 3
T2: システム名称 | X2: =表紙!AL3 -> 0 | AH2: 改訂者 | AL2: 秋山瑠架
A4: テーブル定義書
A6: No. | C6: 論理名 | I6: 物理名 | R6: 型 | V6: データ長 | Z6: 属性 | AG6: 備考
V7: 桁数 | Z7: PK | AB7: NOT NULL | AD7: default
A8: 1 | C8: 商品ID | I8: ProductID | R8: int | AB8: 〇 | AG8: FK 商品IDの情報を引用
A9: 2 | C9: 価格 | I9: Price | R9: int | AB9: 〇 | AG9: 商品価格情報を管理
A10: 3 | C10: 小計 | I10: Subtotal | R10: int | AB10: 〇 | AD10: 0 | AG10: 商品の小計情報を管理
A11: 4
A12: 5
A13: 6
A14: 7
A15: 8
A16: 9
A17: 10
A18: 11
A19: 12
A20: 13
A21: 14
A22: 15
... A48: 41

Sheet テーブル定義 (ｔ_Search) (18)
A1: テーブル定義書 | T1: システムID | X1: =表紙!AL45 -> 20230711NHIH22000X001 | AH1: 改訂日 | AL1: 46269 | AU1: No. | AW1: 3
T2: システム名称 | X2: =表紙!AL3 -> 0 | AH2: 改訂者 | AL2: 秋山瑠架
A4: テーブル定義書
A6: No. | C6: 論理名 | I6: 物理名 | R6: 型 | V6: データ長 | Z6: 属性 | AG6: 備考
V7: 桁数 | Z7: PK | AB7: NOT NULL | AD7: default
A8: 1 | C8: 商品ID | I8: ProductID | R8: int | AB8: 〇 | AG8: FK 商品IDの情報を引用
A9: 2 | C9: カテゴリID | I9: CategoryID | R9: int | AB9: 〇 | AG9: FK カテゴリーIDの情報を引用
A10: 3 | C10: カラーID | I10: ColorID | R10: int | AB10: 〇 | AG10: FK カラーIDの情報を引用
A11: 4 | C11: サイズID | I11: SizeID | R11: int | AB11: 〇 | AG11: FK サイズIDの情報を引用
A12: 5
A13: 6
A14: 7
A15: 8
A16: 9
A17: 10
A18: 11
A19: 12
A20: 13
A21: 14
A22: 15
A23: 16
... A48: 41

Sheet テーブル定義 (t_Timeline) (17)
A1: テーブル定義書 | T1: システムID | X1: =表紙!AL45 -> 20230711NHIH22000X001 | AH1: 改訂日 | AL1: 46269 | AU1: No. | AW1: 3
T2: システム名称 | X2: =表紙!AL3 -> 0 | AH2: 改訂者 | AL2: 秋山瑠架
A4: テーブル定義書
A6: No. | C6: 論理名 | I6: 物理名 | R6: 型 | V6: データ長 | Z6: 属性 | AG6: 備考
V7: 桁数 | Z7: PK | AB7: NOT NULL | AD7: default
A8: 1 | C8: 商品ID | I8: ProductID | R8: int | AB8: ○ | AG8: FK 商品IDの情報を引用
A9: 2 | C9: 系統ID | I9: styleID | R9: int | AB9: ○ | AG9: FK 系統Dの情報を引用
A10: 3 | C10: ジャンルID | I10: genre_ID | R10: int | AB10: ○ | AG10: FK ジャンルIDの情報を引用
A11: 4 | C11: カテゴリID | I11: CategoryID | R11: int | AB11: ○ | AG11: FK カテゴリIDの情報を引用
A12: 5 | C12: サイズID | I12: sizeID | R12: int | AB12: ○ | AG12: FK サイズIDの情報を引用
A13: 6 | C13: 会員ID | I13: user_ID | R13: int | AB13: ○ | AG13: FK 会員IDの情報を引用
A14: 7 | C14: 表示順 | I14: sort_order | R14: int | AB14: ○ | AG14: 商品表示の優先順位の情報を扱う
A15: 8
A16: 9
A17: 10
A18: 11
A19: 12
A20: 13
A21: 14
A22: 15
A23: 16
A24: 17
A25: 18
A26: 19
... A48: 41

Sheet テーブル定義 (t_nice・Favo・Follo) (16)
A1: テーブル定義書 | T1: システムID | X1: =表紙!AL45 -> 20230711NHIH22000X001 | AH1: 改訂日 | AL1: 46269 | AU1: No. | AW1: 3
T2: システム名称 | X2: =表紙!AL3 -> 0 | AH2: 改訂者 | AL2: 秋山瑠架
A4: テーブル定義書
A6: No. | C6: 論理名 | I6: 物理名 | R6: 型 | V6: データ長 | Z6: 属性 | AG6: 備考
V7: 桁数 | Z7: PK | AB7: NOT NULL | AD7: default
A8: 1 | C8: 商品ID | I8: ProductID | R8: int | AB8: 〇 | AG8: FK 商品IDの情報を引用
A9: 2 | C9: 会員ID | I9: SellerID | R9: int | AB9: 〇 | AG9: FK 出品者の情報を引用
A10: 3 | C10: いいね数 | I10: GoodQ | R10: int | AB10: 〇 | AD10: 0 | AG10: いいね数の情報を管理
A11: 4 | C11: フォロー数 | I11: FollowQ | R11: int | AB11: 〇 | AD11: 0 | AG11: フォロー数の情報を管理
A12: 5 | C12: フォロワー数 | I12: FollowerQ | R12: int | AB12: 〇 | AD12: 0 | AG12: フォロワー数の情報を管理
A13: 6
A14: 7
A15: 8
A16: 9
A17: 10
A18: 11
A19: 12
A20: 13
A21: 14
A22: 15
A23: 16
A24: 17
... A48: 41

Sheet テーブル定義 (m_Color info) (15)
A1: テーブル定義書 | T1: システムID | X1: =表紙!AL45 -> 20230711NHIH22000X001 | AH1: 改訂日 | AL1: 46269 | AU1: No. | AW1: 3
T2: システム名称 | X2: =表紙!AL3 -> 0 | AH2: 改訂者 | AL2: 秋山瑠架
A4: テーブル定義書
A6: No. | C6: 論理名 | I6: 物理名 | R6: 型 | V6: データ長 | Z6: 属性 | AG6: 備考
V7: 桁数 | Z7: PK | AB7: NOT NULL | AD7: default
A8: 1 | C8: カラーID | I8: ColorID | R8: int | Z8: 〇 | AB8: 〇 | AG8: カラーデータを一意に識別する
A9: 2 | C9: カラーコード | I9: Colorcode | R9: varchar(255) | V9: 255 | AB9: 〇 | AD9: #000000 | AG9: カラーコードの情報を管理
A10: 3
A11: 4
A12: 5
A13: 6
A14: 7
A15: 8
A16: 9
A17: 10
A18: 11
A19: 12
A20: 13
A21: 14
... A48: 41

Sheet テーブル定義 (t_Browsing Histor) (14)
A1: テーブル定義書 | T1: システムID | X1: =表紙!AL45 -> 20230711NHIH22000X001 | AH1: 改訂日 | AL1: 46269 | AU1: No. | AW1: 3
T2: システム名称 | X2: =表紙!AL3 -> 0 | AH2: 改訂者 | AL2: 秋山瑠架
A4: テーブル定義書
A6: No. | C6: 論理名 | I6: 物理名 | R6: 型 | V6: データ長 | Z6: 属性 | AG6: 備考
V7: 桁数 | Z7: PK | AB7: NOT NULL | AD7: default
A8: 1 | C8: 商品ID | I8: ProductID | R8: int | AB8: 〇 | AG8: FK 商品IDの情報を引用
A9: 2 | C9: 商品名 | I9: ProductName | R9: varchar(255) | V9: 255 | AB9: 〇 | AG9: FK 商品名の情報を引用
A10: 3 | C10: 価格 | I10: Price | R10: int | AB10: 〇 | AG10: FK 価格の情報を引用
A11: 4 | C11: 商品画像ID | I11: ProductImgID | R11: int | AB11: 〇 | AG11: FK 商品画像IDの情報を引用
A12: 5 | C12: 画像パス | I12: ImgPath | R12: varchar() | AB12: 〇 | AG12: 画像のパスの管理
A13: 6
A14: 7
A15: 8
A16: 9
A17: 10
A18: 11
A19: 12
A20: 13
A21: 14
A22: 15
A23: 16
A24: 17
... A48: 41

Sheet テーブル定義 (t_Customer Closet) (13)
A1: テーブル定義書 | T1: システムID | X1: =表紙!AL45 -> 20230711NHIH22000X001 | AH1: 改訂日 | AL1: 46269 | AU1: No. | AW1: 3
T2: システム名称 | X2: =表紙!AL3 -> 0 | AH2: 改訂者 | AL2: 秋山瑠架
A4: テーブル定義書
A6: No. | C6: 論理名 | I6: 物理名 | R6: 型 | V6: データ長 | Z6: 属性 | AG6: 備考
V7: 桁数 | Z7: PK | AB7: NOT NULL | AD7: default
A8: 1 | C8: 商品ID | I8: ProductID | R8: int | Z8: 〇 | AB8: 〇 | AG8: 商品IDを一意に識別する
A9: 2 | C9: 会員ID | I9: user_ID | R9: int | AB9: 〇 | AG9: FK 会員IDの情報を引用
A10: 3 | C10: 商品画像ID | I10: ClothesImage | R10: varchar(50) | V10: 50 | AB10: 〇 | AG10: FK 商品画像IDの情報を引用
A11: 4 | C11: カラーID | I11: ColorID | R11: int | AB11: 〇 | AG11: FK カラーIDの情報を引用
A12: 5 | C12: サイズID | I12: sizeID | R12: int | AB12: 〇 | AG12: FK サイズIDの情報を引用
A13: 6 | C13: 画像パス | I13: ImgPath | R13: varchar() | AB13: 〇 | AG13: 画像パスの管理
A14: 7
A15: 8
A16: 9
A17: 10
A18: 11
A19: 12
A20: 13
A21: 14
A22: 15
A23: 16
A24: 17
A25: 18
... A48: 41

Sheet テーブル定義 (t_Review) (12)
A1: テーブル定義書 | T1: システムID | X1: =表紙!AL45 -> 20230711NHIH22000X001 | AH1: 改訂日 | AL1: 46269 | AU1: No. | AW1: 3
T2: システム名称 | X2: =表紙!AL3 -> 0 | AH2: 改訂者 | AL2: 秋山瑠架
A4: テーブル定義書
A6: No. | C6: 論理名 | I6: 物理名 | R6: 型 | V6: データ長 | Z6: 属性 | AG6: 備考
V7: 桁数 | Z7: PK | AB7: NOT NULL | AD7: default
A8: 1 | C8: 商品ID | I8: ProductID | R8: int | AB8: 〇 | AG8: FK 商品IDの情報を引用 | AZ8: ※Q...Quantity 数量
A9: 2 | C9: レビュー件数 | I9: Number of reviews | R9: int | AB9: 〇 | AG9: レビュー件数データを扱う
A10: 3 | C10: 星の数 | I10: StarQ | R10: varchar(10) | V10: 10 | AB10: 〇 | AG10: 星の数のデータを扱う
A11: 4 | C11: レビュー内容 | I11: Review details | R11: varchar(400) | V11: 400 | AB11: 〇 | AG11: レビュー内容データを扱う
A12: 5 | C12: 会員ID | I12: user_ID | R12: int | AB12: 〇 | AG12: FK 会員IDの情報を引用
A13: 6
A14: 7
A15: 8
A16: 9
A17: 10
A18: 11
A19: 12
A20: 13
A21: 14
A22: 15
A23: 16
A24: 17
... A48: 41

Sheet テーブル定義 (t_orders) (11)
A1: テーブル定義書 | T1: システムID | X1: =表紙!AL45 -> 20230711NHIH22000X001 | AH1: 改訂日 | AL1: 46269 | AU1: No. | AW1: 3
T2: システム名称 | X2: =表紙!AL3 -> 0 | AH2: 改訂者 | AL2: 秋山瑠架
A4: テーブル定義書
A6: No. | C6: 論理名 | I6: 物理名 | R6: 型 | V6: データ長 | Z6: 属性 | AG6: 備考
V7: 桁数 | Z7: PK | AB7: NOT NULL | AD7: default
A8: 1 | C8: 会員ID | I8: user_ID | R8: int | AB8: 〇 | AG8: FK 会員IDの情報を引用する
A9: 2 | C9: 商品ID | I9: ProductID | R9: int | AB9: 〇 | AG9: FK 商品IDの情報を引用する
A10: 3 | C10: 小計 | I10: Subtotal | R10: int | AB10: 〇 | AG10: 商品の小計データを扱う
A11: 4 | C11: 合計金額 | I11: Total amount | R11: int | AB11: 〇 | AG11: 購入商品の合計金額データを扱う
A12: 5 | C12: 購入日時 | I12: Purchase Date and Time | R12: datetime | AB12: 〇 | AD12: yyyy/mm/dd | AG12: 購入日時のデータを扱う
A13: 6 | C13: 出品者ID | I13: Seller_ID | R13: int | AB13: 〇 | AG13: FK 出品者IDの情報を引用する
A14: 7 | C14: 数量 | I14: Quantity | R14: int | AB14: 〇 | AG14: 商品の数量データを扱う
A15: 8
A16: 9
A17: 10
A18: 11
A19: 12
A20: 13
A21: 14
A22: 15
A23: 16
A24: 17
A25: 18
A26: 19
... A48: 41

Sheet テーブル定義 (m_Listing Status) (10)
A1: テーブル定義書 | T1: システムID | X1: =表紙!AL45 -> 20230711NHIH22000X001 | AH1: 改訂日 | AL1: 46269 | AU1: No. | AW1: 3
T2: システム名称 | X2: =表紙!AL3 -> 0 | AH2: 改訂者 | AL2: 秋山瑠架
A4: テーブル定義書
A6: No. | C6: 論理名 | I6: 物理名 | R6: 型 | V6: データ長 | Z6: 属性 | AG6: 備考
V7: 桁数 | Z7: PK | AB7: NOT NULL | AD7: default
A8: 1 | C8: 商品ID | I8: Listing itemID | R8: int | Z8: 〇 | AB8: 〇 | AG8: FK 商品IDの情報を引用
A9: 2 | C9: 商品名 | I9: ProductName | R9: varchar | V9: 50 | AB9: 〇 | AG9: FK 商品名の情報を引用
A10: 3 | C10: 会員ID | I10: user_ID | R10: int | AB10: 〇 | AG10: FK 会員IDの情報を引用
A11: 4 | C11: 商品詳細 | I11: Product Details | R11: varchar | V11: 200 | AB11: 〇 | AG11: 商品詳細情報を扱う
A12: 5 | C12: 新品フラグ | I12: is_new | R12: boolean | AB12: 〇 | AD12: 0 | AG12: 新品・中古を二進数で扱う
A13: 6 | C13: 出品状況 | I13: Listing | R13: boolean | AB13: 〇 | AD13: 0 | AG13: 出品を取り消していないかの情報を扱う
A14: 7
A15: 8
A16: 9
A17: 10
A18: 11
A19: 12
A20: 13
A21: 14
A22: 15
A23: 16
A24: 17
A25: 18
... A48: 41

Sheet テーブル定義 (m_Order status) (9)
A1: テーブル定義書 | T1: システムID | X1: =表紙!AL45 -> 20230711NHIH22000X001 | AH1: 改訂日 | AL1: 46269 | AU1: No. | AW1: 3
T2: システム名称 | X2: =表紙!AL3 -> 0 | AH2: 改訂者 | AL2: 秋山瑠架
A4: テーブル定義書
A6: No. | C6: 論理名 | I6: 物理名 | R6: 型 | V6: データ長 | Z6: 属性 | AG6: 備考
V7: 桁数 | Z7: PK | AB7: NOT NULL | AD7: default
A8: 1 | C8: 注文ID | I8: OrderID | R8: bigint | Z8: 〇 | AB8: 〇 | AG8: 注文を一意に識別するID
A9: 2 | C9: 商品ID | I9: ProductID | R9: int | AB9: 〇 | AG9: FK 商品IDの情報を引用
A10: 3 | C10: 注文日時 | I10: Order date and time | R10: datetime | AB10: 〇 | AD10: yyyy/mm/dd | AG10: 注文日時のデータを扱う
A11: 4 | C11: 支払い状況 | I11: Payment_Status | R11: boolean | AB11: 〇 | AD11: 0 | AG11: 支払いが確認された状況のデータを扱う
A12: 5 | C12: 発送準備 | I12: PreparingToship | R12: varchar(50) | V12: 50 | AD12: Preparing | AG12: 出品者が発送準備をしている状態のデータを扱う
A13: 6 | C13: 発送済み | I13: PreparingDone | R13: Boolean | AB13: 〇 | AD13: 0 | AG13: 商品を発送した状態のデータを扱う
A14: 7 | C14: 配達完了 | I14: DeliveryComplete | R14: Boolean | AB14: 〇 | AD14: 0 | AG14: 購入者へ配達された状態のデータを扱う
A15: 8 | C15: 取引完了 | I15: NegotiationComp | R15: Boolean | AB15: 〇 | AD15: 0 | AG15: 購入者が受取を行い取引が完了した状態のデータを扱う
A16: 9 | C16: キャンセル | I16: Cancel | R16: Boolean | AB16: 〇 | AD16: 0 | AG16: 注文がキャンセルされた状態のデータを扱う
A17: 10
A18: 11
A19: 12
A20: 13
A21: 14
A22: 15
A23: 16
A24: 17
A25: 18
A26: 19
A27: 20
A28: 21
... A48: 41

Sheet テーブル定義 (m_material) (8)
A1: テーブル定義書 | T1: システムID | X1: =表紙!AL45 -> 20230711NHIH22000X001 | AH1: 改訂日 | AL1: 46269 | AU1: No. | AW1: 3
T2: システム名称 | X2: =表紙!AL3 -> 0 | AH2: 改訂者 | AL2: 秋山瑠架
A4: テーブル定義書
A6: No. | C6: 論理名 | I6: 物理名 | R6: 型 | V6: データ長 | Z6: 属性 | AG6: 備考
V7: 桁数 | Z7: PK | AB7: NOT NULL | AD7: default
A8: 1 | C8: 素材ID | I8: material_ID | R8: int | Z8: ○ | AG8: 素材IDの情報を管理
A9: 2 | C9: 素材名 | I9: material_name | R9: varchar | V9: 50 | AG9: 素材名の情報を管理
A10: 3
A11: 4
A12: 5
A13: 6
A14: 7
A15: 8
A16: 9
A17: 10
A18: 11
A19: 12
A20: 13
A21: 14
... A48: 41

Sheet テーブル定義 (m_Category) (7)
A1: テーブル定義書 | T1: システムID | X1: =表紙!AL45 -> 20230711NHIH22000X001 | AH1: 改訂日 | AL1: 46269 | AU1: No. | AW1: 3
T2: システム名称 | X2: =表紙!AL3 -> 0 | AH2: 改訂者 | AL2: 秋山瑠架
A4: テーブル定義書
A6: No. | C6: 論理名 | I6: 物理名 | R6: 型 | V6: データ長 | Z6: 属性 | AG6: 備考
V7: 桁数 | Z7: PK | AB7: NOT NULL | AD7: default
A8: 1 | C8: カテゴリID | I8: CategoryID | R8: int | Z8: 〇 | AB8: 〇 | AG8: カテゴリを一意に識別するID
A9: 2 | C9: カテゴリ名 | I9: CategoryName | R9: varchar | V9: 20 | Z9: 〇 | AB9: 〇 | AG9: カテゴリの名前データを扱う
A10: 3 | C10: 説明文章 | I10: discription | R10: varchar | V10: 255 | AG10: カテゴリの説明文データを扱う
A11: 4 | C11: 表示順 | I11: sort_order | R11: int | AG11: 商品表示の優先順位の情報を扱う
A12: 5
A13: 6
A14: 7
A15: 8
A16: 9
A17: 10
A18: 11
A19: 12
A20: 13
A21: 14
A22: 15
A23: 16
... A48: 41

Sheet テーブル定義 (t_images) (6)
A1: テーブル定義書 | T1: システムID | X1: =表紙!AL45 -> 20230711NHIH22000X001 | AH1: 改訂日 | AL1: 46269 | AU1: No. | AW1: 3
T2: システム名称 | X2: =表紙!AL3 -> 0 | AH2: 改訂者 | AL2: 秋山瑠架
A4: テーブル定義書
A6: No. | C6: 論理名 | I6: 物理名 | R6: 型 | V6: データ長 | Z6: 属性 | AG6: 備考
V7: 桁数 | Z7: PK | AB7: NOT NULL | AD7: default
A8: 1 | C8: 商品画像ID | I8: image_id | R8: bigint | Z8: 〇 | AB8: 〇 | AG8: FK 商品画像IDを一意に識別する/引用
A9: 2 | C9: 商品ID | I9: ProductID | R9: bigint | AB9: 〇 | AG9: FK 商品IDの情報を引用
A10: 3 | C10: 画像パス | I10: image_path | R10: varchar(255) | V10: 255 | AB10: 〇 | AG10: FK 画像パスの情報を引用
A11: 4
A12: 5
A13: 6
A14: 7
A15: 8
A16: 9
A17: 10
A18: 11
A19: 12
A20: 13
A21: 14
A22: 15
... A48: 41

Sheet テーブル定義 (m_product) (5)
A1: テーブル定義書 | T1: システムID | X1: =表紙!AL45 -> 20230711NHIH22000X001 | AH1: 改訂日 | AL1: 46269 | AU1: No. | AW1: 3
T2: システム名称 | X2: =表紙!AL3 -> 0 | AH2: 改訂者 | AL2: 秋山瑠架
A4: テーブル定義書
A6: No. | C6: 論理名 | I6: 物理名 | R6: 型 | V6: データ長 | Z6: 属性 | AG6: 備考
V7: 桁数 | Z7: PK | AB7: NOT NULL | AD7: default
A8: 1 | C8: 商品ID | I8: ProductID | R8: bigint | Z8: ○ | AB8: ○ | AG8: 商品IDを一意に識別する
A9: 2 | C9: 出品者ID | I9: Seller_ID | R9: bigint | AB9: ○ | AG9: FK 出品者IDの情報を引用
A10: 3 | C10: 商品分類 | I10: Product categories | R10: tinyint | AG10: 中古商品なのかハンドメイド商品なのかを判別する
A11: 4 | C11: 商品名 | I11: ProductName | R11: vachar | V11: 100 | AG11: 商品名の情報を扱う
A12: 5 | C12: 商品説明 | I12: description | R12: text | V12: 1000 | AG12: 商品の説明文章情報を扱う
A13: 6 | C13: カテゴリーID | I13: Category_ID | R13: int | AB13: ○ | AG13: FK カテゴリーID情報を引用
A14: 7 | C14: サイズID | I14: size_ID | R14: int | AB14: ○ | AG14: FK サイズID情報を引用
A15: 8 | C15: カラーID | I15: ColorID | R15: int | AB15: ○ | AG15: FK カラーID情報を引用
A16: 9 | C16: 価格 | I16: Price | R16: decimal | AG16: 商品の価格情報を扱う
A17: 10 | C17: 出品状況 | I17: Listing status | R17: tinyint | AB17: ○ | AG17: FK 出品状況の情報を引用
A18: 11 | C18: 商品状態 | I18: Product condition | R18: tinyint | AG18: 商品の状態文章情報を扱う
A19: 12 | C19: 生産タイプ | I19: Production type | R19: tinyint | AG19: 生産タイプ(受注・見込みなど)情報を扱う
A20: 13 | C20: 在庫数 | I20: stock_quantity | R20: int | AG20: 在庫数情報を管理する
A21: 14 | C21: 素材テキスト | I21: material_text | R21: vachar | V21: 255 | AG21: 商品の素材情報を扱う
A22: 15 | C22: オーガニックフラグ | I22: is_organic | R22: boolean | AD22: 0 | AG22: オーガニックで作られた商品なのかを二進数で扱う
A23: 16 | C23: ブランド | I23: brand | R23: varchar | V23: 20 | AG23: ブランド名情報を扱う
A24: 17 | C24: 新品フラグ | I24: is_new | R24: boolean | AB24: 〇 | AD24: 0 | AG24: 新品・中古を二進数で扱う
A25: 18
A26: 19
A27: 20
A28: 21
A29: 22
A30: 23
A31: 24
A32: 25
A33: 26
A34: 27
A35: 28
A36: 29
... A48: 41

Sheet テーブル定義 (m_genre) (4)
A1: テーブル定義書 | T1: システムID | X1: =表紙!AL45 -> 20230711NHIH22000X001 | AH1: 改訂日 | AL1: 46269 | AU1: No. | AW1: 3
T2: システム名称 | X2: =表紙!AL3 -> 0 | AH2: 改訂者 | AL2: 秋山瑠架
A4: テーブル定義書
A6: No. | C6: 論理名 | I6: 物理名 | R6: 型 | V6: データ長 | Z6: 属性 | AG6: 備考
V7: 桁数 | Z7: PK | AB7: NOT NULL | AD7: default
A8: 1 | C8: ジャンルID | I8: genre_ID | R8: int | Z8: 〇 | AB8: 〇 | AG8: ジャンルIDを一意に識別するID
A9: 2 | C9: ジャンル名 | I9: genre_name | R9: varchar | V9: 50 | AG9: ジャンル名の情報を扱う
A10: 3 | C10: ジャンルコード | I10: genre_code | R10: varchar | V10: 50 | AG10: ジャンルコードの情報を扱う
A11: 4 | C11: 表示順 | I11: sort_order | R11: int | AG11: 商品表示の優先順位の情報を扱う
A12: 5
A13: 6
A14: 7
A15: 8
A16: 9
A17: 10
A18: 11
A19: 12
A20: 13
A21: 14
A22: 15
A23: 16
... A48: 41

Sheet テーブル定義 (m_style) (3)
A1: テーブル定義書 | T1: システムID | X1: =表紙!AL45 -> 20230711NHIH22000X001 | AH1: 改訂日 | AL1: 46269 | AU1: No. | AW1: 3
T2: システム名称 | X2: =表紙!AL3 -> 0 | AH2: 改訂者 | AL2: 秋山瑠架
A4: テーブル定義書
A6: No. | C6: 論理名 | I6: 物理名 | R6: 型 | V6: データ長 | Z6: 属性 | AG6: 備考
V7: 桁数 | Z7: PK | AB7: NOT NULL | AD7: default
A8: 1 | C8: 系統ID | I8: style_id | R8: int | Z8: 〇 | AB8: 〇 | AG8: 系統IDを一意に識別するID
A9: 2 | C9: 系統コード | I9: style_code | R9: varchar | V9: 50 | AG9: 系統コードの情報を扱う
A10: 3 | C10: 系統名 | I10: style_name | R10: varchar | V10: 100 | AG10: 系統の名前情報を扱う
A11: 4 | C11: 説明文章 | I11: description | R11: varchar | V11: 255 | AG11: 系統の説明文章の情報を扱う
A12: 5 | C12: 表示順 | I12: sort_order | R12: int | AG12: 商品表示の優先順位の情報を扱う
A13: 6
A14: 11
A15: 12
A16: 13
A17: 14
A18: 15
A19: 16
A20: 17
A21: 18
A22: 19
A23: 20
A24: 21
... A44: 41

Sheet テーブル定義 (m_size) (2)
A1: テーブル定義書 | T1: システムID | X1: =表紙!AL45 -> 20230711NHIH22000X001 | AH1: 改訂日 | AL1: 46269 | AU1: No. | AW1: 3
T2: システム名称 | X2: =表紙!AL3 -> 0 | AH2: 改訂者 | AL2: 秋山瑠架
A4: テーブル定義書
A6: No. | C6: 論理名 | I6: 物理名 | R6: 型 | V6: データ長 | Z6: 属性 | AG6: 備考
V7: 桁数 | Z7: PK | AB7: NOT NULL | AD7: default
A8: 1 | C8: サイズID | I8: size_id | R8: int | Z8: 〇 | AB8: 〇 | AG8: サイズIDを一意に識別するID
A9: 2 | C9: サイズグループ名 | I9: size_group_name | R9: varchar | V9: 50 | AG9: 服のサイズ区分情報を扱う
A10: 3 | C10: サイズグループコード | I10: size_group_code | R10: varchar | V10: 100 | AG10: サイズ区分情報のコードを扱う
A11: 4 | C11: サイズ表示名 | I11: size_name | R11: varchar | V11: 50 | AG11: サイズ表示名の情報を扱う
A12: 5 | C12: 表示順 | I12: sort_order | R12: int | AG12: 商品表示の優先順位の情報を扱う
A13: 6
A14: 7
A15: 8
A16: 9
A17: 10
A18: 11
A19: 12
A20: 13
A21: 14
A22: 15
A23: 16
A24: 17
... A48: 41

Sheet テーブル定義 (m_member) (1)
A1: テーブル定義書 | T1: システムID | X1: =表紙!AL45 -> 20230711NHIH22000X001 | AH1: 改訂日 | AL1: 46269 | AU1: No. | AW1: 3
T2: システム名称 | X2: =表紙!AL3 -> 0 | AH2: 改訂者 | AL2: 秋山瑠架
A4: テーブル定義書
A6: No. | C6: 論理名 | I6: 物理名 | R6: 型 | V6: データ長 | Z6: 属性 | AG6: 備考
V7: 桁数 | Z7: PK | AB7: NOT NULL | AD7: default
A8: 1 | C8: 会員ID | I8: user_id | R8: varchar | V8: 36 | Z8: 〇 | AB8: 〇 | AG8: 会員IDを一意に識別するID
A9: 2 | C9: 会員名 | I9: user_name | R9: varchar | V9: 100 | AB9: 〇 | AG9: 会員名の情報を扱う
A10: 3 | C10: 生年月日 | I10: birth_date | R10: DATE | AD10: yyyy/mm/dd | AG10: 生年月日の情報を扱う
A11: 4 | C11: 性別 | I11: gender | R11: varchar | V11: 10 | AG11: 性別の情報を数値で扱う
A12: 5 | C12: 郵便番号 | I12: postal_code | R12: varchar | V12: 7 | AG12: 郵便番号の情報を数値で扱う
A13: 6 | C13: 住所 | I13: address | R13: varchar | V13: 255 | AG13: 住所の情報を扱う
A14: 7 | C14: 電話番号 | I14: phone_number | R14: varchar | V14: 15 | AB14: 〇 | AG14: 電話番号の情報を扱う
A15: 8 | C15: メールアドレス | I15: email | R15: varchar | V15: 255 | AB15: 〇 | AG15: メールアドレスの情報を扱う
A16: 9 | C16: プロフィール名 | I16: nickname | R16: varchar | V16: 50 | AB16: 〇 | AG16: アプリ上で使用するプロフィール名の情報を扱う
A17: 10 | C17: 自己紹介 | I17: bio | R17: TEXT | V17: 1000 | AG17: 自己紹介文の情報を扱う
A18: 11 | C18: プロフィール画像 | I18: profile_image | R18: varchar | V18: 2048 | AG18: プロフィールに使用する画像データを扱う
A19: 12 | C19: 本人確認 | I19: kycStatus | R19: boolean | AB19: 〇 | AD19: 0 | AG19: 本人確認の有無を二進数で扱う
A20: 14
A21: 15
A22: 16
A23: 17
A24: 18
A25: 19
A26: 20
A27: 21
A28: 22
A29: 23
A30: 24
A31: 25
... A47: 41
