Workbook

Sheet 表紙
B3: 株式会社HAL名古屋 | M3: 御中 | AF3: システム名
I16: 外 部 I F 仕 様 書
AF45: 管理番号 | AL45: 20230711NHIH22000X001
AF47: 改定日 | AL47: 45118
AF49: 改訂者

Sheet 改訂履歴
A1: 改訂履歴
A4: 項番 | C4: 改訂日 | G4: 改訂者 | K4: 対象 | U4: 改訂内容
A5: =ROW()-4 -> 1 | K5: 全ページ | U5: 初版作成
A6: =ROW()-4 -> 2
A7: =ROW()-4 -> 3
A8: =ROW()-4 -> 4
A9: =ROW()-4 -> 5
A10: =ROW()-4 -> 6
A11: =ROW()-4 -> 7
A12: =ROW()-4 -> 8
A13: =ROW()-4 -> 9
A14: =ROW()-4 -> 10
A15: =ROW()-4 -> 11
A16: =ROW()-4 -> 12
A17: =ROW()-4 -> 13
... A46: =ROW()-4 -> 42

Sheet 外部IF仕様書-システム関連図
A1: =表紙!I16 -> 外 部 I F 仕 様 書 | T1: システムID | X1: =表紙!AL45&"-0"&'外部IF仕様書-システム関連図'!AW1 -> 20230711NHIH22000X001-016 | AH1: 改訂日 | AU1: No. | AW1: 16
T2: システム名称 | X2: =表紙!AL3 -> 0 | AH2: 改訂者
A5: システム関連図
C9: Re:Tailorシステム | AK9: 決済API （Stripe）
D12: 決済・振り込み管理 | AL12: 決済結果を保存
D15: 商品画像の読み込み | AK15: 画像カラー抽出 （imagga）
D18: 画像から色を抽出 | AM18: 補色計算に利用
D21: 補色の計算 | AK21: 補色アドバイス （imagga）
D24: コーデ提案
D27: 天気予報の抽出 | AK27: オープンAPI （Copilot）
AM30: AIによるコーデ提案
AK33: 天気予報API (What to Wear · API）
AM36: 天気＋服装提案を返す

Sheet 外部IF仕様書-外部IF仕様一覧書
A1: =表紙!I16 -> 外 部 I F 仕 様 書 | T1: システムID | X1: =表紙!AL45&"-0"&'外部IF仕様書-外部IF仕様一覧書'!AW1 -> 20230711NHIH22000X001-016 | AH1: 改訂日 | AU1: No. | AW1: 16
T2: システム名称 | X2: =表紙!AL3 -> 0 | AH2: 改訂者
A5: 外部IF仕様一覧書
A7: # | C7: インターフェース名 | M7: 送受信方向 | AC7: 要件事項
M8: From | U8: To
C9: 決済API | M9: Re:Tailorシステム | U9: Stripe | AC9: 決済処理をデータベースに保存
C10: 画像カラー抽出 | M10: Re:Tailorシステム | U10: imagga | AC10: 商品から色を抽出して保存する
C11: 補色アドバイス | M11: Re:Tailorシステム | U11: imagga | AC11: 抽出された色から補色を求める
C12: オープンAPI | M12: Re:Tailorシステム | U12: Copilot | AC12: AIがおすすめのコーデを提供する
C13: 天気予報API | M13: Re:Tailorシステム | U13: What to Wear · API | AC13: 天気情報を取得し、その日にあったトップスのタイプなどを提供する

Sheet システム関連図(サンプル)
A1: =表紙!I16 -> 外 部 I F 仕 様 書 | T1: システムID | X1: =表紙!AL45&"-0"&'システム関連図(サンプル)'!AW1 -> 20230711NHIH22000X001-016 | AH1: 改訂日 | AU1: No. | AW1: 16
T2: システム名称 | X2: =表紙!AL3 -> 0 | AH2: 改訂者
A5: システム関連図

Sheet 外部IF仕様一覧書(サンプル)
A1: =表紙!I16 -> 外 部 I F 仕 様 書 | T1: システムID | X1: =表紙!AL45&"-0"&'外部IF仕様一覧書(サンプル)'!AW1 -> 20230711NHIH22000X001-016 | AH1: 改訂日 | AU1: No. | AW1: 16
T2: システム名称 | X2: =表紙!AL3 -> 0 | AH2: 改訂者
A5: 外部インタフェース一覧
